{
    "loss": 0.6830118298530579,
    "accuracy": 0.9305148124694824
}