{
    "loss": 0.9346629977226257,
    "accuracy": 0.9078420996665955
}